"","loc","year","month","effort"
"1","ASRP",2002,6,7.5
"2","ASRP",2002,7,9.75
"3","ASRP",2003,6,7.5
"4","ASRP",2003,7,7.22
"5","ASRP",2003,8,2.5
"6","ASRP",2004,6,7.46
"7","ASRP",2004,7,6.8
"8","ASRP",2004,8,2.5
"9","ASRP",2005,6,7.45
"10","ASRP",2005,7,10.28
"11","ASRP",2006,6,8.4
"12","ASRP",2006,7,7.71
"13","ASRP",2007,6,5
"14","ASRP",2007,7,7.57
"15","ASRP",2007,8,2.25
"16","ATON",2002,6,7.46
"17","ATON",2002,7,7.5
"18","ATON",2002,8,2.5
"19","ATON",2003,6,9.17
"20","ATON",2003,7,8.58
"21","ATON",2003,8,3
"22","ATON",2004,5,3.17
"23","ATON",2004,6,6.17
"24","ATON",2004,7,9.33
"25","ATON",2004,8,3
"26","ATON",2005,6,9.08
"27","ATON",2005,7,9
"28","ATON",2005,8,3
"29","ATON",2006,6,9
"30","ATON",2006,7,9
"31","ATON",2006,8,3
"32","ATON",2007,6,9
"33","ATON",2007,7,8.92
"34","ATON",2007,8,3
"35","AUDU",1997,6,56.42
"36","AUDU",1997,7,51
"37","AUDU",1997,8,18
"38","AUDU",1998,5,0.25
"39","AUDU",1998,6,60.72
"40","AUDU",1998,7,62.8
"41","AUDU",1998,8,21
"42","AUDU",1999,5,3
"43","AUDU",1999,6,62.46
"44","AUDU",1999,7,64.46
"45","AUDU",1999,8,14.99
"46","AUDU",2000,5,3
"47","AUDU",2000,6,58.88
"48","AUDU",2000,7,61.99
"49","AUDU",2000,8,17.5
"50","AUDU",2001,5,3
"51","AUDU",2001,6,60.78
"52","AUDU",2001,7,64.4
"53","AUDU",2001,8,15
"54","AUDU",2002,5,3
"55","AUDU",2002,6,58.53
"56","AUDU",2002,7,68.86
"57","AUDU",2002,8,15
"58","AUDU",2003,5,3
"59","AUDU",2003,6,58.17
"60","AUDU",2003,7,64.76
"61","AUDU",2003,8,14.21
"62","AUDU",2004,5,3
"63","AUDU",2004,6,58.18
"64","AUDU",2004,7,59.54
"65","AUDU",2004,8,14
"66","AUDU",2005,5,3
"67","AUDU",2005,6,62.05
"68","AUDU",2005,7,61.88
"69","AUDU",2005,8,15
"70","AUDU",2006,5,3
"71","AUDU",2006,6,55
"72","AUDU",2006,7,61.33
"73","AUDU",2006,8,14.33
"74","AUDU",2007,5,3
"75","AUDU",2007,6,61.22
"76","AUDU",2007,7,65.5
"77","AUDU",2007,8,14.75
"78","AUDU",2008,6,64.2
"79","AUDU",2008,7,64.6
"80","AUDU",2008,8,13.52
"81","AUDU",2009,5,2.88
"82","AUDU",2009,6,44.08
"83","AUDU",2009,7,41.5
"84","AUDU",2009,8,13.83
"85","AUDU",2010,5,3
"86","AUDU",2010,6,44.5
"87","AUDU",2010,7,42.38
"88","AUDU",2010,8,9
"89","BBBO",2002,6,9.08
"90","BBBO",2002,7,8.95
"91","BBBO",2002,8,3
"92","BBBO",2003,6,8.63
"93","BBBO",2003,7,8.92
"94","BBBO",2003,8,3
"95","BBBS",2009,5,4.22
"96","BBBS",2009,6,3.74
"97","BBBS",2009,7,7.47
"98","BBBS",2009,8,2.5
"99","BBBS",2010,5,2.75
"100","BBBS",2010,6,6.59
"101","BBBS",2010,7,10.99
"102","BBBS",2011,5,3
"103","BBBS",2011,6,7.5
"104","BBBS",2011,7,11.75
"105","BBBS",2012,5,2.44
"106","BBBS",2012,6,8
"107","BBBS",2012,7,9.38
"108","BBBS",2012,8,3
"109","BMNC",1996,6,7.71
"110","BMNC",1996,7,7.5
"111","BMNC",1996,8,7.08
"112","BMNC",1997,6,7.5
"113","BMNC",1997,7,7.5
"114","BMNC",1997,8,2.5
"115","BMNC",1998,6,7.5
"116","BMNC",1998,7,7.5
"117","BMNC",1998,8,2.5
"118","BMNC",1999,6,7.5
"119","BMNC",1999,7,7.17
"120","BMNC",1999,8,2.5
"121","BMNC",2000,6,7.5
"122","BMNC",2000,7,7.5
"123","BMNC",2000,8,2.08
"124","BMNC",2001,6,7.5
"125","BMNC",2001,7,7.5
"126","BMNC",2001,8,2.5
"127","BMNC",2002,6,7.5
"128","BMNC",2002,7,7.5
"129","BMNC",2002,8,2.5
"130","BMNC",2003,6,6.96
"131","BMNC",2003,7,9.04
"132","BMNC",2004,5,1.67
"133","BMNC",2004,6,2.5
"134","BMNC",2004,7,5
"135","BMNC",2005,6,5
"136","BMNC",2005,7,7.5
"137","BMNC",2005,8,2.5
"138","BMNC",2006,6,5
"139","BMNC",2006,7,4.79
"140","BMNC",2006,8,2.5
"141","BRAG",1995,5,14.58
"142","BRAG",1995,6,33.26
"143","BRAG",1995,7,38.51
"144","BRAG",1995,8,33.75
"145","BRAG",1996,5,26.81
"146","BRAG",1996,6,36.47
"147","BRAG",1996,7,37.29
"148","BRAG",1996,8,18.26
"149","BRAG",1997,5,27.44
"150","BRAG",1997,6,33.89
"151","BRAG",1997,7,39.72
"152","BRAG",1997,8,9.42
"153","BRAG",1998,5,24.75
"154","BRAG",1998,6,38.49
"155","BRAG",1998,7,40
"156","BRAG",1998,8,7.47
"157","BRAG",1999,5,24.1
"158","BRAG",1999,6,34.83
"159","BRAG",1999,7,30.87
"160","BRAG",1999,8,7.92
"161","BRAG",2000,5,21.53
"162","BRAG",2000,6,32.42
"163","BRAG",2000,7,28.92
"164","BRAG",2000,8,11.37
"165","BRAG",2001,5,19.77
"166","BRAG",2001,6,38.06
"167","BRAG",2001,7,31.49
"168","BRAG",2001,8,12.08
"169","BRAG",2002,5,19.83
"170","BRAG",2002,6,30.2
"171","BRAG",2002,7,21.6
"172","BRAG",2002,8,9.58
"173","BRAG",2003,5,22.62
"174","BRAG",2003,6,38.04
"175","BRAG",2003,7,49.38
"176","BRAG",2003,8,11.39
"177","BRAG",2004,5,32
"178","BRAG",2004,6,43.26
"179","BRAG",2004,7,46.67
"180","BRAG",2004,8,9.1
"181","BRAG",2005,5,29.38
"182","BRAG",2005,6,47.65
"183","BRAG",2005,7,51.55
"184","BRAG",2006,5,26.34
"185","BRAG",2006,6,42.44
"186","BRAG",2006,7,45.15
"187","BRAG",2006,8,10.66
"188","BRAG",2007,6,26.92
"189","BRAG",2007,7,45.33
"190","BRAG",2007,8,12.31
"191","BRAG",2008,5,16.97
"192","BRAG",2008,6,15.13
"193","BRAG",2008,7,36.9
"194","BRAG",2008,8,8.39
"195","BRAG",2009,5,30.4
"196","BRAG",2009,6,43.94
"197","BRAG",2009,7,45.4
"198","BRAG",2009,8,9.72
"199","BUCK",1997,5,1.75
"200","BUCK",1997,6,6
"201","BUCK",1997,7,8.75
"202","BUCK",1997,8,5.12
"203","BUCK",1998,6,10.5
"204","BUCK",1998,7,6.5
"205","BUCK",1998,8,2
"206","BUCK",1999,5,4.25
"207","BUCK",1999,6,17.65
"208","BUCK",1999,7,15.56
"209","BUCK",1999,8,5.9
"210","BUCK",2000,5,7.75
"211","BUCK",2000,6,23.75
"212","BUCK",2000,7,14
"213","BUCK",2000,8,6
"214","BUCK",2001,5,10.27
"215","BUCK",2001,6,21.32
"216","BUCK",2001,7,17.26
"217","BUCK",2001,8,7.26
"218","BUCK",2002,5,7.24
"219","BUCK",2002,6,16.23
"220","BUCK",2002,7,18.49
"221","BUCK",2002,8,3.68
"222","BUCK",2003,5,6.33
"223","BUCK",2003,6,16.28
"224","BUCK",2003,7,5.57
"225","BUCK",2003,8,1.49
"226","BUCK",2004,5,2.31
"227","BUCK",2004,6,15.51
"228","BUCK",2004,7,12.81
"229","BUCK",2004,8,6.79
"230","BUCK",2005,5,4.88
"231","BUCK",2005,6,11.07
"232","BUCK",2005,7,11.87
"233","BUCK",2005,8,4.99
"234","BUCK",2006,5,3.4
"235","BUCK",2006,6,15.35
"236","BUCK",2006,7,11.6
"237","BUCK",2006,8,4.58
"238","BUCK",2007,5,6.29
"239","BUCK",2007,6,13.93
"240","BUCK",2007,7,11.74
"241","BUCK",2007,8,4.23
"242","BUCK",2008,5,4.74
"243","BUCK",2008,6,11.09
"244","BUCK",2008,7,11.69
"245","BUCK",2008,8,1.64
"246","BUCK",2009,5,2.84
"247","BUCK",2009,6,11.17
"248","BUCK",2009,7,9.11
"249","BUCK",2009,8,1.33
"250","CAHI",2006,6,7.5
"251","CAHI",2006,7,7.5
"252","CAHI",2006,8,2.5
"253","CAHI",2007,6,7.5
"254","CAHI",2007,7,7.48
"255","CAHI",2007,8,2.5
"256","CASP",2001,6,8.25
"257","CASP",2001,7,8.25
"258","CASP",2001,8,2.75
"259","CASP",2002,6,8.25
"260","CASP",2002,7,8.25
"261","CASP",2002,8,2.75
"262","CASP",2003,6,7.33
"263","CASP",2003,7,8.25
"264","CASP",2003,8,2.26
"265","CASP",2004,6,8.48
"266","CASP",2004,7,7.46
"267","CASP",2004,8,2.75
"268","CASP",2005,6,11.06
"269","CASP",2005,7,5.25
"270","CASP",2005,8,2.75
"271","CASP",2006,6,11
"272","CASP",2006,7,8.25
"273","CASP",2007,6,8.25
"274","CASP",2007,7,8.25
"275","CASP",2007,8,2.75
"276","CASP",2008,6,8.25
"277","CASP",2008,7,8.25
"278","CASP",2008,8,2.75
"279","CASP",2009,6,8.25
"280","CASP",2009,7,6.88
"281","CASP",2009,8,2.75
"282","CASP",2010,6,8.25
"283","CASP",2010,7,8.25
"284","CASP",2010,8,2.75
"285","CBWP",1997,5,1.5
"286","CBWP",1997,6,3
"287","CBWP",1997,7,4.75
"288","CBWP",1997,8,1.5
"289","CBWP",1998,5,3
"290","CBWP",1998,6,3
"291","CBWP",1998,7,4.5
"292","CBWP",1998,8,1.5
"293","CBWP",1999,5,1.5
"294","CBWP",1999,6,4.5
"295","CBWP",1999,7,4.5
"296","CBWP",1999,8,1.5
"297","CBWP",2000,5,1.38
"298","CBWP",2000,6,6
"299","CBWP",2000,7,4.5
"300","CBWP",2001,5,1.5
"301","CBWP",2001,6,4.5
"302","CBWP",2001,7,6
"303","CBWP",2002,5,1.5
"304","CBWP",2002,6,4.5
"305","CBWP",2002,7,5.97
"306","CBWP",2003,5,1.5
"307","CBWP",2003,6,4.08
"308","CBWP",2003,7,6
"309","CBWP",2004,5,1.5
"310","CBWP",2004,6,6
"311","CBWP",2004,7,2.99
"312","CBWP",2004,8,1.5
"313","CBWP",2005,5,1.5
"314","CBWP",2005,6,6
"315","CBWP",2005,7,4.5
"316","CBWP",2006,5,1.5
"317","CBWP",2006,6,6
"318","CBWP",2006,7,4.5
"319","CBWP",2007,5,1.5
"320","CBWP",2007,6,5.38
"321","CBWP",2007,7,4.5
"322","CLDC",2001,6,7.5
"323","CLDC",2001,7,10
"324","CLDC",2002,6,6.46
"325","CLDC",2002,7,7.5
"326","CLDC",2002,8,2.5
"327","CLDC",2003,6,7.5
"328","CLDC",2003,7,4.58
"329","CLDC",2003,8,2.29
"330","CLDC",2004,6,7.5
"331","CLDC",2004,7,7.5
"332","CLDC",2004,8,2.5
"333","CLDC",2005,6,7.5
"334","CLDC",2005,7,10
"335","CLDC",2006,6,5.42
"336","CLDC",2006,7,10.21
"337","CMAC",2002,6,7.5
"338","CMAC",2002,7,7.29
"339","CMAC",2002,8,2.5
"340","CMAC",2003,6,10
"341","CMAC",2003,7,5
"342","CMAC",2003,8,2.5
"343","CMAC",2004,6,10
"344","CMAC",2004,7,5
"345","CMAC",2004,8,2.5
"346","CMAC",2005,6,10
"347","CMAC",2005,7,5
"348","CMAC",2005,8,2.5
"349","CMAC",2006,6,7.08
"350","CMAC",2006,7,7.5
"351","CMAC",2006,8,2.5
"352","CMAC",2007,6,7.5
"353","CMAC",2007,7,7.5
"354","CMAC",2007,8,2.5
"355","CMAC",2008,6,6.88
"356","CMAC",2008,7,10
"357","CONG",1992,5,9.33
"358","CONG",1992,6,9
"359","CONG",1992,7,9
"360","CONG",1992,8,6
"361","CONG",1993,5,9.25
"362","CONG",1993,6,9
"363","CONG",1993,7,9
"364","CONG",1993,8,9.25
"365","CONG",1994,5,9.17
"366","CONG",1994,6,8.94
"367","CONG",1994,7,9
"368","CONG",1994,8,6
"369","CONG",1995,5,9
"370","CONG",1995,6,9
"371","CONG",1995,7,9
"372","CONG",1995,8,7.33
"373","CONG",1996,5,9.08
"374","CONG",1996,6,9.17
"375","CONG",1996,7,9
"376","CONG",1996,8,8.58
"377","CONG",1997,5,5.83
"378","CONG",1997,6,8.75
"379","CONG",1997,7,8.75
"380","CONG",1997,8,3
"381","CONG",1998,5,6
"382","CONG",1998,6,9
"383","CONG",1998,7,9
"384","CONG",1998,8,3
"385","CONG",1999,5,6
"386","CONG",1999,6,9
"387","CONG",1999,7,9
"388","CONG",1999,8,9
"389","CONG",2000,5,6
"390","CONG",2000,6,9
"391","CONG",2000,7,9
"392","CONG",2000,8,3
"393","CONG",2001,5,6.12
"394","CONG",2001,6,9
"395","CONG",2001,7,9
"396","CONG",2001,8,3
"397","CONG",2002,5,5.96
"398","CONG",2002,6,8.98
"399","CONG",2002,7,9
"400","CONG",2002,8,3
"401","CONG",2007,5,10
"402","CONG",2007,6,7.5
"403","CONG",2007,7,7.5
"404","CONG",2007,8,2.5
"405","CONG",2008,5,5
"406","CONG",2008,6,7.5
"407","CONG",2008,7,7.5
"408","CONG",2008,8,2.5
"409","CRAN",1994,5,10.12
"410","CRAN",1994,6,49.48
"411","CRAN",1994,7,37.99
"412","CRAN",1994,8,44.58
"413","CRAN",1995,6,46.6
"414","CRAN",1995,7,47.32
"415","CRAN",1995,8,39.57
"416","CRAN",1996,5,2.5
"417","CRAN",1996,6,44.08
"418","CRAN",1996,7,45.83
"419","CRAN",1996,8,39.92
"420","CRAN",1997,6,46.08
"421","CRAN",1997,7,46.78
"422","CRAN",1997,8,9.89
"423","CRAN",1998,6,41.06
"424","CRAN",1998,7,40.67
"425","CRAN",1998,8,9.44
"426","CRAN",1999,5,9.75
"427","CRAN",1999,6,48.44
"428","CRAN",1999,7,48.88
"429","CRAN",1999,8,10
"430","CRAN",2000,6,42.19
"431","CRAN",2000,7,43.06
"432","CRAN",2000,8,9.03
"433","CRAN",2001,6,42.44
"434","CRAN",2001,7,44.24
"435","CRAN",2001,8,10
"436","CRAN",2002,6,46.94
"437","CRAN",2002,7,46.6
"438","CRAN",2002,8,8.68
"439","CRAN",2004,5,2.5
"440","CRAN",2004,6,42.69
"441","CRAN",2004,7,40.94
"442","CRAN",2004,8,14.84
"443","CRAN",2005,5,8.76
"444","CRAN",2005,6,47.4
"445","CRAN",2005,7,42.99
"446","CRAN",2005,8,8.31
"447","CRAN",2006,6,46.79
"448","CRAN",2006,7,44.22
"449","CRAN",2006,8,12.14
"450","CRAN",2007,5,2.26
"451","CRAN",2007,6,39.62
"452","CRAN",2007,7,56.52
"453","CRAN",2007,8,2.47
"454","CRAN",2008,5,2.5
"455","CRAN",2008,6,42.6
"456","CRAN",2008,7,41.46
"457","CRAN",2008,8,10
"458","CRAN",2011,5,2.29
"459","CRAN",2011,6,35.72
"460","CRAN",2011,7,33.38
"461","CRAN",2011,8,6.22
"462","CRAN",2012,5,4.33
"463","CRAN",2012,6,33.86
"464","CRAN",2012,7,35.77
"465","CRAN",2012,8,6.19
"466","DCVT",2007,6,11.25
"467","DCVT",2007,7,11.25
"468","DCVT",2007,8,3.75
"469","DIVI",1994,6,5.58
"470","DIVI",1994,7,5.83
"471","DIVI",1994,8,4.58
"472","DIVI",1995,5,2.92
"473","DIVI",1995,6,7.08
"474","DIVI",1995,7,5.42
"475","DIVI",1995,8,3.19
"476","DIVI",1996,5,1.67
"477","DIVI",1996,6,7.08
"478","DIVI",1996,7,6.46
"479","DIVI",1996,8,2.15
"480","DIVI",1997,5,2.92
"481","DIVI",1997,6,7.08
"482","DIVI",1997,7,6.88
"483","DIVI",1997,8,2.92
"484","DIVI",1998,5,2.57
"485","DIVI",1998,6,5.35
"486","DIVI",1998,7,6.95
"487","DIVI",1998,8,4.56
"488","DIVI",1999,5,2.44
"489","DIVI",1999,6,7.29
"490","DIVI",1999,7,7.99
"491","DIVI",1999,8,2.5
"492","DIVI",2000,5,2.57
"493","DIVI",2000,6,7.5
"494","DIVI",2000,7,4.5
"495","DIVI",2000,8,4.75
"496","DIVI",2001,5,0.62
"497","DIVI",2001,6,7.57
"498","DIVI",2001,7,7.62
"499","DIVI",2001,8,2.5
"500","DIVI",2002,5,2.5
"501","DIVI",2002,6,7.5
"502","DIVI",2002,7,7.53
"503","DIVI",2002,8,2.38
"504","DIVI",2003,5,2.79
"505","DIVI",2003,6,7.5
"506","DIVI",2003,7,7.5
"507","DIVI",2003,8,2.38
"508","DIVI",2004,5,1.29
"509","DIVI",2004,6,7.5
"510","DIVI",2004,7,7.5
"511","DIVI",2004,8,2.5
"512","DIVI",2005,5,1.98
"513","DIVI",2005,6,7.64
"514","DIVI",2005,7,5
"515","DIVI",2005,8,2.5
"516","DIVI",2006,5,2.27
"517","DIVI",2006,6,6.88
"518","DIVI",2006,7,7.08
"519","DIVI",2006,8,2.5
"520","DIVI",2007,5,2.5
"521","DIVI",2007,6,7.01
"522","DIVI",2007,7,7.15
"523","DIVI",2007,8,1.58
"524","DIVI",2008,5,2.5
"525","DIVI",2008,6,6.83
"526","DIVI",2008,7,5.72
"527","DIVI",2008,8,2.5
"528","FERN",1996,5,5
"529","FERN",1996,6,7.5
"530","FERN",1996,7,7.5
"531","FERN",1996,8,7.5
"532","FERN",1997,5,5
"533","FERN",1997,6,7.57
"534","FERN",1997,7,7.36
"535","FERN",1997,8,2.43
"536","FERN",1998,5,5
"537","FERN",1998,6,10.07
"538","FERN",1998,7,4.93
"539","FERN",1998,8,2.5
"540","FERN",1999,5,5
"541","FERN",1999,6,11.04
"542","FERN",1999,7,5
"543","FERN",1999,8,2.5
"544","FERN",2000,5,5
"545","FERN",2000,6,7.5
"546","FERN",2000,7,7.5
"547","FERN",2000,8,2.5
"548","FERN",2001,5,5
"549","FERN",2001,6,7.5
"550","FERN",2001,7,7.5
"551","FERN",2001,8,2.5
"552","FERN",2002,5,7.5
"553","FERN",2002,6,5
"554","FERN",2002,7,7.5
"555","FERN",2002,8,2.5
"556","FERN",2003,5,5
"557","FERN",2003,6,7.5
"558","FERN",2003,7,7.5
"559","FERN",2003,8,2.5
"560","FERN",2004,5,4.58
"561","FERN",2004,6,6.88
"562","FERN",2004,7,6.88
"563","FERN",2004,8,2.29
"564","FERN",2005,5,5
"565","FERN",2005,6,7.5
"566","FERN",2005,7,5
"567","FERN",2005,8,2.5
"568","FERN",2006,5,5
"569","FERN",2006,6,7.5
"570","FERN",2006,7,7.5
"571","FERN",2006,8,2.5
"572","FERN",2007,5,5
"573","FERN",2007,6,7.5
"574","FERN",2007,7,5
"575","FERN",2007,8,2.5
"576","FERN",2008,5,2.5
"577","FERN",2008,6,10
"578","FERN",2008,7,7.5
"579","FERN",2008,8,2.5
"580","FERN",2009,5,5
"581","FERN",2009,6,7.5
"582","FERN",2009,7,7.5
"583","FERN",2009,8,2.5
"584","FERN",2010,5,2.5
"585","FERN",2010,6,7.5
"586","FERN",2010,7,7.5
"587","FERN",2010,8,2.5
"588","FERN",2011,5,5
"589","FERN",2011,6,7.5
"590","FERN",2011,7,7.5
"591","FERN",2011,8,2.5
"592","FIVE",2001,6,6.94
"593","FIVE",2001,7,6.75
"594","FIVE",2001,8,2.25
"595","FIVE",2002,6,7.92
"596","FIVE",2002,7,6.46
"597","FIVE",2002,8,1.77
"598","FIVE",2003,6,6.75
"599","FIVE",2003,7,7.5
"600","FIVE",2003,8,2.25
"601","FIVE",2004,6,6.75
"602","FIVE",2004,7,6.75
"603","FIVE",2004,8,2.25
"604","FIVE",2005,6,6.38
"605","FIVE",2005,7,6.75
"606","FIVE",2005,8,2.06
"607","FIVE",2006,6,6.75
"608","FIVE",2006,7,6.75
"609","FIVE",2006,8,2.25
"610","FIVE",2007,6,6.75
"611","FIVE",2007,7,6.75
"612","FIVE",2007,8,2.25
"613","FOXF",2001,5,5.49
"614","FOXF",2001,6,7.92
"615","FOXF",2001,7,7.57
"616","FOXF",2001,8,2.5
"617","FOXF",2002,5,5.56
"618","FOXF",2002,6,7.64
"619","FOXF",2002,7,7.53
"620","FOXF",2002,8,2.5
"621","FOXF",2003,5,5
"622","FOXF",2003,6,7.57
"623","FOXF",2003,7,7.57
"624","FOXF",2003,8,2.57
"625","FOXF",2004,5,4.86
"626","FOXF",2004,6,7.57
"627","FOXF",2004,7,7.57
"628","FOXF",2004,8,2.5
"629","FOXF",2005,5,5.21
"630","FOXF",2005,6,7.5
"631","FOXF",2005,7,7.5
"632","FOXF",2005,8,2.5
"633","FOXF",2006,5,4.97
"634","FOXF",2006,6,7.22
"635","FOXF",2006,7,7.5
"636","FOXF",2006,8,2.5
"637","FOXF",2007,5,5
"638","FOXF",2007,6,7.43
"639","FOXF",2007,7,7.43
"640","FOXF",2007,8,2.5
"641","FOXF",2008,5,5
"642","FOXF",2008,6,7.64
"643","FOXF",2008,7,7.57
"644","FOXF",2008,8,2.57
"645","FOXF",2010,5,5
"646","FOXF",2010,6,7.5
"647","FOXF",2010,7,7.57
"648","FOXF",2010,8,2.5
"649","FOXF",2011,5,5.07
"650","FOXF",2011,6,7.31
"651","FOXF",2011,7,7.5
"652","FOXF",2011,8,2.5
"653","FTSL",1994,5,5
"654","FTSL",1994,6,7.5
"655","FTSL",1994,7,7.08
"656","FTSL",1994,8,6.67
"657","FTSL",2004,5,5.42
"658","FTSL",2004,6,18.67
"659","FTSL",2004,7,18.13
"660","FTSL",2005,5,8.33
"661","FTSL",2005,6,12.5
"662","FTSL",2005,7,15
"663","FTSL",2005,8,5.42
"664","FTSL",2006,5,5
"665","FTSL",2006,6,17.5
"666","FTSL",2006,7,12.5
"667","FTSL",2006,8,5
"668","FTSL",2007,5,7.5
"669","FTSL",2007,6,7.5
"670","FTSL",2007,7,12.5
"671","FTSL",2007,8,5
"672","FTSL",2008,5,5
"673","FTSL",2008,6,15
"674","FTSL",2008,7,15
"675","FTSL",2008,8,5
"676","GIFA",2000,4,2.5
"677","GIFA",2000,5,15
"678","GIFA",2000,7,10
"679","GIFA",2000,8,15
"680","GIFA",2002,5,5.9
"681","GIFA",2002,6,0.28
"682","GIFA",2002,7,7.71
"683","GIFA",2002,8,6.18
"684","GIFA",2002,9,0.42
"685","GIFA",2003,5,15.21
"686","GIFA",2003,6,2.71
"687","GIFA",2003,7,12.5
"688","GIFA",2003,8,4.17
"689","GIFA",2004,5,6.18
"690","GIFA",2004,6,3.89
"691","GIFA",2004,7,3.68
"692","GIFA",2004,8,6.81
"693","GRSM",2007,6,0.56
"694","GRSM",2007,7,0.67
"695","GRSM",2008,5,2.5
"696","GRSM",2008,6,7.46
"697","GRSM",2008,7,7.19
"698","GRSM",2008,8,2.5
"699","GRSM",2009,5,2.25
"700","GRSM",2009,6,7.42
"701","GRSM",2009,7,7.5
"702","GRSM",2009,8,2.5
"703","GRSM",2010,5,2.5
"704","GRSM",2010,6,7.25
"705","GRSM",2010,7,7.5
"706","GRSM",2010,8,2.5
"707","GRSM",2011,5,2.5
"708","GRSM",2011,6,7.5
"709","GRSM",2011,7,6.76
"710","GRSM",2011,8,2.5
"711","GRSM",2012,5,2.5
"712","GRSM",2012,6,7.44
"713","GRSM",2012,7,7.5
"714","GRSM",2012,8,2.5
"715","HEBR",1997,6,7.5
"716","HEBR",1997,7,7.5
"717","HEBR",1997,8,2.5
"718","HEBR",1998,5,3
"719","HEBR",1998,6,6
"720","HEBR",1998,7,9
"721","HEBR",1998,8,3
"722","HEBR",1999,6,9
"723","HEBR",1999,7,9
"724","HEBR",1999,8,3
"725","HEBR",2000,6,6
"726","HEBR",2000,7,12
"727","HEBR",2000,8,3
"728","HEBR",2001,6,9
"729","HEBR",2001,7,9
"730","HEBR",2001,8,3
"731","HEBR",2002,6,9
"732","HEBR",2002,7,6
"733","HEBR",2002,8,3
"734","HEBR",2003,6,9
"735","HEBR",2003,7,11.08
"736","HEBR",2004,5,3
"737","HEBR",2004,6,6
"738","HEBR",2004,7,9
"739","HEBR",2004,8,3
"740","HEBR",2005,6,9
"741","HEBR",2005,7,9
"742","HEBR",2006,6,9
"743","HEBR",2006,7,9
"744","HEBR",2006,8,2.5
"745","HOLL",1997,6,5.25
"746","HOLL",1997,7,4.77
"747","HOLL",1997,8,1.75
"748","HOLL",1998,5,4.5
"749","HOLL",1998,6,6.75
"750","HOLL",1998,7,6.56
"751","HOLL",1998,8,2.25
"752","HOLL",1999,5,5
"753","HOLL",1999,6,6.25
"754","HOLL",1999,7,5
"755","HOLL",2000,5,5
"756","HOLL",2000,6,7.5
"757","HOLL",2000,7,4.75
"758","HOLL",2000,8,2.5
"759","HOLL",2001,5,4.5
"760","HOLL",2001,6,6
"761","HOLL",2001,7,6.75
"762","HOLL",2001,8,2.25
"763","HOLL",2002,5,4.5
"764","HOLL",2002,6,6.75
"765","HOLL",2002,7,6.75
"766","HOLL",2002,8,2.25
"767","HOLL",2003,5,4.5
"768","HOLL",2003,6,6.75
"769","HOLL",2003,7,6.75
"770","HOLL",2003,8,2.25
"771","HOLL",2004,5,4.5
"772","HOLL",2004,6,6.75
"773","HOLL",2004,7,4.5
"774","HOLL",2004,8,2.25
"775","HOLL",2005,5,4.5
"776","HOLL",2005,6,6.75
"777","HOLL",2005,7,6.75
"778","HOLL",2005,8,2.25
"779","HOLL",2006,5,4.5
"780","HOLL",2006,6,6.75
"781","HOLL",2006,7,6.75
"782","HOLL",2006,8,2.25
"783","HOLL",2007,5,4.5
"784","HOLL",2007,6,6.75
"785","HOLL",2007,7,4.5
"786","HOLL",2007,8,1.5
"787","HOLL",2008,5,4.5
"788","HOLL",2008,6,6.75
"789","HOLL",2008,7,6.75
"790","HOLL",2008,8,1.88
"791","HOLL",2009,5,3
"792","HOLL",2009,6,6.75
"793","HOLL",2009,7,6.75
"794","HOLL",2009,8,2.25
"795","HOLL",2010,5,4.5
"796","HOLL",2010,6,6.75
"797","HOLL",2010,7,6.56
"798","HOLL",2010,8,1.88
"799","HOLL",2011,5,4.5
"800","HOLL",2011,6,6.75
"801","HOLL",2011,7,6.75
"802","HOOD",1994,5,23.74
"803","HOOD",1994,6,34.99
"804","HOOD",1994,7,48.51
"805","HOOD",1994,8,24.86
"806","HOOD",1995,5,29.01
"807","HOOD",1995,6,44.97
"808","HOOD",1995,7,39.38
"809","HOOD",1995,8,25.01
"810","HOOD",1996,5,32.21
"811","HOOD",1996,6,37.88
"812","HOOD",1996,7,39.94
"813","HOOD",1996,8,27.77
"814","HOOD",1997,5,30.77
"815","HOOD",1997,6,43.73
"816","HOOD",1997,7,42.01
"817","HOOD",1997,8,13.81
"818","HOOD",1998,5,30.92
"819","HOOD",1998,6,38.51
"820","HOOD",1998,7,38.62
"821","HOOD",1998,8,7.98
"822","HOOD",1999,5,28.44
"823","HOOD",1999,6,39.44
"824","HOOD",1999,7,33.84
"825","HOOD",1999,8,2.57
"826","HOOD",2000,5,25.5
"827","HOOD",2000,6,34.47
"828","HOOD",2000,7,36.56
"829","HOOD",2000,8,1.32
"830","HOOD",2001,5,28.09
"831","HOOD",2001,6,35.8
"832","HOOD",2001,7,33.42
"833","HOOD",2001,8,5.83
"834","HOOD",2002,5,20.79
"835","HOOD",2002,6,35.28
"836","HOOD",2002,7,35.1
"837","HOOD",2002,8,6.61
"838","HOOD",2004,5,30.01
"839","HOOD",2004,6,34.58
"840","HOOD",2004,7,42.65
"841","HOOD",2004,8,6.38
"842","HOOD",2005,5,26.61
"843","HOOD",2005,6,34.94
"844","HOOD",2005,7,31.96
"845","HOOD",2005,8,5.78
"846","HOOD",2006,5,29.65
"847","HOOD",2006,6,29.12
"848","HOOD",2006,7,37.77
"849","HOOD",2006,8,1.67
"850","HOOD",2007,5,23.75
"851","HOOD",2007,6,19.75
"852","HOOD",2007,7,36.14
"853","HOOD",2007,8,4.25
"854","HOOD",2008,5,27.72
"855","HOOD",2008,6,30.32
"856","HOOD",2008,7,32.61
"857","HOOD",2008,8,5.28
"858","HOPE",1992,5,22.81
"859","HOPE",1992,6,20.62
"860","HOPE",1992,7,20
"861","HOPE",1992,8,26.25
"862","HOPE",1993,5,26.88
"863","HOPE",1993,6,20.62
"864","HOPE",1993,7,20
"865","HOPE",1993,8,27.5
"866","HOPE",1994,5,11.04
"867","HOPE",1994,6,20.62
"868","HOPE",1994,7,26.88
"869","HOPE",1994,8,20.62
"870","HOPE",1995,5,11.04
"871","HOPE",1995,6,20.62
"872","HOPE",1995,7,26.88
"873","HOPE",1995,8,20.62
"874","HOPE",1996,5,11.04
"875","HOPE",1996,6,20.62
"876","HOPE",1996,7,26.88
"877","HOPE",1996,8,20.62
"878","HOPE",1997,5,10.67
"879","HOPE",1997,6,24.79
"880","HOPE",1997,7,22.54
"881","HOPE",1997,8,20.62
"882","HOPE",1998,5,15.83
"883","HOPE",1998,6,20
"884","HOPE",1998,7,22.71
"885","HOPE",1998,8,20.62
"886","HOPE",1999,5,15.83
"887","HOPE",1999,6,20
"888","HOPE",1999,7,22.57
"889","HOPE",1999,8,20.62
"890","HOPE",2000,5,11.04
"891","HOPE",2000,6,20.81
"892","HOPE",2000,7,26.88
"893","HOPE",2000,8,20.62
"894","HOPE",2001,5,11.04
"895","HOPE",2001,6,19.94
"896","HOPE",2001,7,26.88
"897","HOPE",2001,8,20.62
"898","HOPE",2002,5,11.05
"899","HOPE",2002,6,24.72
"900","HOPE",2002,7,22.4
"901","HOPE",2002,8,20.62
"902","HOPE",2003,5,11.04
"903","HOPE",2003,6,24.75
"904","HOPE",2003,7,22.5
"905","HOPE",2003,8,20.21
"906","HOPE",2004,5,11.04
"907","HOPE",2004,6,20.21
"908","HOPE",2004,7,19.79
"909","HOPE",2004,8,27.08
"910","HOPE",2005,5,12.29
"911","HOPE",2005,6,21.46
"912","HOPE",2005,7,28.21
"913","HOPE",2005,8,20.58
"914","HOPE",2006,5,12.29
"915","HOPE",2006,6,23.29
"916","HOPE",2006,7,29.21
"917","HOPE",2006,8,21.46
"918","HOPE",2007,5,12.29
"919","HOPE",2007,6,21.46
"920","HOPE",2007,7,29.17
"921","HOPE",2007,8,21.46
"922","HOPE",2008,5,12.29
"923","HOPE",2008,6,26.88
"924","HOPE",2008,7,25.58
"925","HOPE",2008,8,22.71
"926","HOPE",2009,5,16.88
"927","HOPE",2009,6,22.47
"928","HOPE",2009,7,23.75
"929","HOPE",2009,8,21.46
"930","HOPE",2010,5,12.29
"931","HOPE",2010,6,21.46
"932","HOPE",2010,7,22.29
"933","HOPE",2010,8,26.96
"934","ICHA",2001,5,3.75
"935","ICHA",2001,6,7.5
"936","ICHA",2001,7,7.5
"937","ICHA",2001,8,2.5
"938","ICHA",2002,5,5
"939","ICHA",2002,6,7.5
"940","ICHA",2002,7,7.5
"941","ICHA",2002,8,2.5
"942","ICHA",2003,5,5
"943","ICHA",2003,6,7.5
"944","ICHA",2003,7,10
"945","ICHA",2004,5,5
"946","ICHA",2004,6,7.5
"947","ICHA",2004,7,10
"948","ICHA",2005,5,5
"949","ICHA",2005,6,7.5
"950","ICHA",2005,7,7.5
"951","ICHA",2005,8,2.5
"952","ICHA",2006,5,5
"953","ICHA",2006,6,10
"954","ICHA",2006,7,5
"955","ICHA",2006,8,2.5
"956","ICHA",2007,5,5
"957","ICHA",2007,6,7.5
"958","ICHA",2007,7,10
"959","ICHA",2008,5,7.5
"960","ICHA",2008,6,5
"961","ICHA",2008,7,7.5
"962","ICHA",2008,8,2.5
"963","ICHA",2009,5,5
"964","ICHA",2009,6,7.71
"965","ICHA",2009,7,10
"966","ICHA",2010,5,5.21
"967","ICHA",2010,6,7.64
"968","ICHA",2010,7,7.57
"969","ICHA",2010,8,2.5
"970","JEFF",1994,5,10.32
"971","JEFF",1994,6,26.22
"972","JEFF",1994,7,25.31
"973","JEFF",1994,8,26.39
"974","JEFF",1995,5,9.12
"975","JEFF",1995,6,31.81
"976","JEFF",1995,7,31.77
"977","JEFF",1995,8,24.93
"978","JEFF",1996,5,11.21
"979","JEFF",1996,6,35.35
"980","JEFF",1996,7,40.14
"981","JEFF",1996,8,35
"982","JEFF",1997,5,13.44
"983","JEFF",1997,6,36.07
"984","JEFF",1997,7,39.95
"985","JEFF",1997,8,7.26
"986","JEFF",1998,5,12.32
"987","JEFF",1998,6,38.51
"988","JEFF",1998,7,38.12
"989","JEFF",1998,8,7.5
"990","JEFF",1999,5,11.78
"991","JEFF",1999,6,41.42
"992","JEFF",1999,7,35.98
"993","JEFF",1999,8,7.25
"994","JEFF",2000,5,11.46
"995","JEFF",2000,6,35.17
"996","JEFF",2000,7,41.73
"997","JEFF",2000,8,7.4
"998","JEFF",2001,5,9.8
"999","JEFF",2001,6,36.62
"1000","JEFF",2001,7,37.17
"1001","JEFF",2001,8,6.3
"1002","JEFF",2002,5,14.88
"1003","JEFF",2002,6,36.9
"1004","JEFF",2002,7,38.62
"1005","JEFF",2002,8,7.5
"1006","JEFF",2004,5,11.14
"1007","JEFF",2004,6,29.94
"1008","JEFF",2004,7,31.72
"1009","JEFF",2004,8,4.9
"1010","JEFF",2005,5,6.88
"1011","JEFF",2005,6,23.81
"1012","JEFF",2005,7,24.31
"1013","JEFF",2005,8,2.01
"1014","JEFF",2006,5,7.22
"1015","JEFF",2006,6,23.89
"1016","JEFF",2006,7,21.39
"1017","JEFF",2006,8,4.22
"1018","JEFF",2007,5,12.17
"1019","JEFF",2007,6,19.25
"1020","JEFF",2007,7,25.73
"1021","JEFF",2008,5,6.25
"1022","JEFF",2008,6,22.35
"1023","JEFF",2008,7,21.85
"1024","JEFF",2008,8,4.94
"1025","JEFF",2011,5,1.67
"1026","JEFF",2011,6,7.5
"1027","JEFF",2011,7,5.31
"1028","JEFF",2011,8,2
"1029","JEFF",2012,5,2.28
"1030","JEFF",2012,6,6.89
"1031","JEFF",2012,7,6.92
"1032","JEFF",2012,8,2.44
"1033","KNIS",1997,6,6.58
"1034","KNIS",1997,7,7.5
"1035","KNIS",1997,8,2.5
"1036","KNIS",1998,6,7.96
"1037","KNIS",1998,7,8
"1038","KNIS",1998,8,2.75
"1039","KNIS",1999,6,8
"1040","KNIS",1999,7,8
"1041","KNIS",1999,8,2.75
"1042","KNIS",2000,6,8
"1043","KNIS",2000,7,8
"1044","KNIS",2000,8,2.75
"1045","KNIS",2001,6,8.25
"1046","KNIS",2001,7,8.25
"1047","KNIS",2001,8,2.5
"1048","KNIS",2002,6,7.62
"1049","KNIS",2002,7,5.5
"1050","KNIS",2002,8,5.19
"1051","KNIS",2003,6,7.37
"1052","KNIS",2003,7,7.71
"1053","KNIS",2003,8,2.5
"1054","KNIS",2004,6,7.15
"1055","KNIS",2004,7,7.19
"1056","KNIS",2004,8,2.46
"1057","KNIS",2005,6,4.66
"1058","KNIS",2005,7,5.4
"1059","KNIS",2005,8,2.25
"1060","KNIS",2006,6,6.5
"1061","KNIS",2006,7,6.62
"1062","KNIS",2006,8,2.12
"1063","KNIS",2007,6,8
"1064","KNIS",2007,7,8.18
"1065","KNIS",2007,8,2.46
"1066","KNIS",2008,6,5.5
"1067","KNIS",2008,7,8.06
"1068","KNIS",2008,8,2.75
"1069","KNOX",1994,6,47.6
"1070","KNOX",1994,7,44.54
"1071","KNOX",1994,8,38.47
"1072","KNOX",1995,5,9.12
"1073","KNOX",1995,6,51.99
"1074","KNOX",1995,7,47.03
"1075","KNOX",1995,8,40.46
"1076","KNOX",1996,5,16.59
"1077","KNOX",1996,6,45.34
"1078","KNOX",1996,7,45.3
"1079","KNOX",1996,8,43.5
"1080","KNOX",1997,5,16.74
"1081","KNOX",1997,6,42.47
"1082","KNOX",1997,7,48.97
"1083","KNOX",1997,8,10.28
"1084","KNOX",1998,5,18.65
"1085","KNOX",1998,6,41.39
"1086","KNOX",1998,7,38.86
"1087","KNOX",1998,8,11.94
"1088","KNOX",1999,5,8.9
"1089","KNOX",1999,6,45.19
"1090","KNOX",1999,7,53.29
"1091","KNOX",1999,8,4.75
"1092","KNOX",2000,5,13.72
"1093","KNOX",2000,6,42.04
"1094","KNOX",2000,7,38.98
"1095","KNOX",2000,8,11.36
"1096","KNOX",2001,5,13.54
"1097","KNOX",2001,6,47.51
"1098","KNOX",2001,7,41.96
"1099","KNOX",2001,8,9.5
"1100","KNOX",2002,5,15.17
"1101","KNOX",2002,6,48.92
"1102","KNOX",2002,7,49.35
"1103","KNOX",2002,8,9.97
"1104","KNOX",2004,5,15.3
"1105","KNOX",2004,6,42.23
"1106","KNOX",2004,7,45.18
"1107","KNOX",2004,8,10
"1108","KNOX",2005,5,11.79
"1109","KNOX",2005,6,37.28
"1110","KNOX",2005,7,36.09
"1111","KNOX",2005,8,6.88
"1112","KNOX",2006,5,14.94
"1113","KNOX",2006,6,34.06
"1114","KNOX",2006,7,36.1
"1115","KNOX",2006,8,8.56
"1116","KNOX",2007,5,9.18
"1117","KNOX",2007,6,30.81
"1118","KNOX",2007,7,32.98
"1119","KNOX",2008,5,11.64
"1120","KNOX",2008,6,27.94
"1121","KNOX",2008,7,26.56
"1122","KNOX",2008,8,7.47
"1123","KSMA",2004,6,6.89
"1124","KSMA",2004,7,7.5
"1125","KSMA",2004,8,2.5
"1126","KSMA",2005,6,7.43
"1127","KSMA",2005,7,7.43
"1128","KSMA",2005,8,2.5
"1129","KSMA",2006,6,7.57
"1130","KSMA",2006,7,6.32
"1131","KSMA",2006,8,2.5
"1132","KSMA",2007,6,4.75
"1133","KSMA",2007,7,5
"1134","KSMA",2007,8,2.46
"1135","LAHO",1992,7,0.97
"1136","LAHO",1992,8,3.75
"1137","LAHO",1993,6,5.25
"1138","LAHO",1993,7,5.25
"1139","LAHO",1993,8,5.15
"1140","LAHO",1994,6,5.25
"1141","LAHO",1994,7,5.25
"1142","LAHO",1994,8,5.25
"1143","LAHO",1995,6,5.25
"1144","LAHO",1995,7,5.2
"1145","LAHO",1995,8,5.3
"1146","LAHO",1996,6,4.52
"1147","LAHO",1996,7,6.39
"1148","LAHO",1996,8,3.5
"1149","LAHO",1997,5,1.75
"1150","LAHO",1997,6,5.25
"1151","LAHO",1997,7,5.25
"1152","LAHO",1997,8,1.75
"1153","LAHO",1998,5,1.75
"1154","LAHO",1998,6,5.25
"1155","LAHO",1998,7,5.25
"1156","LAHO",1998,8,1.75
"1157","LAHO",1999,5,1.75
"1158","LAHO",1999,6,7
"1159","LAHO",1999,7,3.5
"1160","LAHO",1999,8,1.75
"1161","LAHO",2000,5,1.75
"1162","LAHO",2000,6,5.3
"1163","LAHO",2000,7,5.3
"1164","LAHO",2000,8,1.75
"1165","LAHO",2001,5,3.5
"1166","LAHO",2001,6,3.5
"1167","LAHO",2001,7,5.25
"1168","LAHO",2001,8,1.75
"1169","LAHO",2002,5,1.5
"1170","LAHO",2002,6,4.5
"1171","LAHO",2002,7,4.5
"1172","LAHO",2002,8,1.5
"1173","LAHO",2003,5,3
"1174","LAHO",2003,6,3
"1175","LAHO",2003,7,4.5
"1176","LAHO",2003,8,1.5
"1177","LAHO",2004,5,1.5
"1178","LAHO",2004,6,4.5
"1179","LAHO",2004,7,4.5
"1180","LAHO",2004,8,1.5
"1181","LAHO",2005,5,1.5
"1182","LAHO",2005,6,4.5
"1183","LAHO",2005,7,4.5
"1184","LAHO",2005,8,1.5
"1185","LAHO",2006,5,1.5
"1186","LAHO",2006,6,4.5
"1187","LAHO",2006,7,4.5
"1188","LAHO",2006,8,1.5
"1189","LAHO",2007,5,1.5
"1190","LAHO",2007,6,6
"1191","LAHO",2007,7,3
"1192","LAHO",2007,8,1.5
"1193","LDWF",2004,5,18.33
"1194","LDWF",2004,6,25.83
"1195","LDWF",2004,7,21.67
"1196","LDWF",2004,8,5.83
"1197","LDWF",2005,5,63.17
"1198","LDWF",2005,6,75.58
"1199","LDWF",2005,7,69.17
"1200","LDWF",2005,8,27.5
"1201","LDWF",2006,5,56.58
"1202","LDWF",2006,6,73.17
"1203","LDWF",2006,7,72.22
"1204","LDWF",2006,8,16.67
"1205","LDWF",2007,5,48
"1206","LDWF",2007,6,64
"1207","LDWF",2007,7,84.17
"1208","LDWF",2007,8,6.67
"1209","LDWF",2008,5,43.33
"1210","LDWF",2008,6,76.67
"1211","LDWF",2008,7,77.22
"1212","LDWF",2008,8,6.67
"1213","LDWF",2009,5,46.67
"1214","LDWF",2009,6,69.75
"1215","LDWF",2009,7,74.5
"1216","LDWF",2009,8,5
"1217","LDWF",2010,5,45
"1218","LDWF",2010,6,64.83
"1219","LDWF",2010,7,69
"1220","LDWF",2010,8,16.67
"1221","LDWF",2011,6,10.17
"1222","LDWF",2011,7,32.46
"1223","LDWF",2011,8,35.83
"1224","LDWF",2012,5,26.67
"1225","LDWF",2012,6,30.62
"1226","LDWF",2012,7,37.5
"1227","LDWF",2012,8,8.33
"1228","LNER",1992,5,1.5
"1229","LNER",1992,6,6.38
"1230","LNER",1992,7,9.25
"1231","LNER",1992,8,7.75
"1232","LNER",1993,5,3.12
"1233","LNER",1993,6,11.42
"1234","LNER",1993,7,10.71
"1235","LNER",1993,8,10.88
"1236","LNER",1993,9,2.83
"1237","LNER",1994,5,2.92
"1238","LNER",1994,6,11.6
"1239","LNER",1994,7,11.67
"1240","LNER",1994,8,14.36
"1241","LNER",1995,5,2.71
"1242","LNER",1995,6,9.08
"1243","LNER",1995,7,10.62
"1244","LNER",1995,8,12.94
"1245","LNER",1996,5,2.92
"1246","LNER",1996,6,11.43
"1247","LNER",1996,7,14.25
"1248","LNER",1996,8,10.4
"1249","LNER",1997,5,3.19
"1250","LNER",1997,6,8.93
"1251","LNER",1997,7,14.58
"1252","LNER",1997,8,5.79
"1253","LNER",1998,5,2.83
"1254","LNER",1998,6,6.19
"1255","LNER",1998,7,14.21
"1256","LNER",1998,8,11.65
"1257","LNER",1999,5,3
"1258","LNER",1999,6,12.17
"1259","LNER",1999,7,11.56
"1260","LNER",1999,8,10.94
"1261","LNER",2000,5,2.69
"1262","LNER",2000,6,10.89
"1263","LNER",2000,7,10.4
"1264","LNER",2000,8,4.93
"1265","LNER",2001,5,2.92
"1266","LNER",2001,6,11.83
"1267","LNER",2001,7,10.54
"1268","LNER",2001,8,10
"1269","LNER",2002,5,2.5
"1270","LNER",2002,6,8.33
"1271","LNER",2002,7,12.92
"1272","LNER",2002,8,7.5
"1273","LNER",2003,5,2.5
"1274","LNER",2003,6,10.42
"1275","LNER",2003,7,12.5
"1276","LNER",2003,8,5
"1277","LNER",2004,5,2.5
"1278","LNER",2004,6,10.21
"1279","LNER",2004,7,10
"1280","LNER",2004,8,2.5
"1281","LNER",2005,5,2.54
"1282","LNER",2005,6,8.01
"1283","LNER",2005,7,7.67
"1284","LNER",2005,8,3.08
"1285","LNER",2006,5,2.5
"1286","LNER",2006,6,7.5
"1287","LNER",2006,7,10.33
"1288","LNER",2006,8,2.5
"1289","LNER",2007,5,2.62
"1290","LNER",2007,6,10.99
"1291","LNER",2007,7,10.28
"1292","LNER",2007,8,5
"1293","LNER",2008,5,2.5
"1294","LNER",2008,6,7.62
"1295","LNER",2008,7,12.86
"1296","LNER",2008,8,1.46
"1297","LNER",2009,6,7.69
"1298","LNER",2009,7,11.81
"1299","LNER",2009,8,5.08
"1300","MARV",2001,6,8.92
"1301","MARV",2001,7,9
"1302","MARV",2001,8,3
"1303","MARV",2002,6,13.75
"1304","MARV",2002,7,13.33
"1305","MARV",2002,8,4.5
"1306","MARV",2003,6,13.12
"1307","MARV",2003,7,13.5
"1308","MARV",2003,8,4.5
"1309","MARV",2004,6,22.62
"1310","MARV",2004,7,22.55
"1311","MARV",2004,8,7.75
"1312","MARV",2005,6,22.5
"1313","MARV",2005,7,22.38
"1314","MARV",2005,8,7.38
"1315","MARV",2006,6,22.25
"1316","MARV",2006,7,22.42
"1317","MARV",2006,8,7.17
"1318","MARV",2007,6,21.75
"1319","MARV",2007,7,21.39
"1320","MARV",2007,8,7.01
"1321","MARV",2008,6,21.5
"1322","MARV",2008,7,24.04
"1323","MARV",2008,8,4.25
"1324","MARV",2009,6,22.85
"1325","MARV",2009,7,19.33
"1326","MARV",2009,8,6.67
"1327","MARV",2010,6,13.38
"1328","MARV",2010,7,18.58
"1329","MARV",2010,8,5.5
"1330","MBBS",1997,5,2.5
"1331","MBBS",1997,6,4.93
"1332","MBBS",1997,7,7.5
"1333","MBBS",1997,8,2.5
"1334","MBBS",1998,5,2.5
"1335","MBBS",1998,6,5
"1336","MBBS",1998,7,7.5
"1337","MBBS",1998,8,2.5
"1338","MBBS",1999,6,7.5
"1339","MBBS",1999,7,7.5
"1340","MBBS",1999,8,2.5
"1341","MBBS",2000,6,8.25
"1342","MBBS",2000,7,10.75
"1343","MBBS",2001,6,7.4
"1344","MBBS",2001,7,8.22
"1345","MBBS",2001,8,2.75
"1346","MBBS",2002,6,8.25
"1347","MBBS",2002,7,8.17
"1348","MBBS",2002,8,2.75
"1349","MBBS",2003,5,2.75
"1350","MBBS",2003,6,5.5
"1351","MBBS",2003,7,8.25
"1352","MBBS",2003,8,2.75
"1353","MBBS",2004,5,2.75
"1354","MBBS",2004,6,5.25
"1355","MBBS",2004,7,8.25
"1356","MBBS",2004,8,2.75
"1357","MBBS",2005,6,7.79
"1358","MBBS",2005,7,8.25
"1359","MBBS",2005,8,2.75
"1360","MBBS",2006,5,2.5
"1361","MBBS",2006,6,5.25
"1362","MBBS",2006,7,8.17
"1363","MBBS",2006,8,2.75
"1364","MIDW",2006,7,5
"1365","MIDW",2006,8,2.5
"1366","MIDW",2007,5,5
"1367","MIDW",2007,6,7.5
"1368","MIDW",2007,7,7.5
"1369","MIDW",2007,8,2.46
"1370","MIDW",2008,5,5
"1371","MIDW",2008,6,7.5
"1372","MIDW",2008,7,7.5
"1373","MIDW",2008,8,2.5
"1374","MIDW",2009,5,5
"1375","MIDW",2009,6,6.25
"1376","MIDW",2009,7,9.38
"1377","MIDW",2010,5,5
"1378","MIDW",2010,6,7.29
"1379","MIDW",2010,7,7.5
"1380","MIDW",2010,8,2.5
"1381","MIDW",2011,5,5
"1382","MIDW",2011,6,7.5
"1383","MIDW",2011,7,7.5
"1384","MIDW",2011,8,2.5
"1385","MIDW",2012,5,5
"1386","MIDW",2012,6,7.5
"1387","MIDW",2012,7,7.5
"1388","MIDW",2012,8,2.5
"1389","MOWO",1994,6,7.5
"1390","MOWO",1994,7,7.25
"1391","MOWO",1994,8,7.5
"1392","MOWO",1995,6,7.5
"1393","MOWO",1995,7,7.5
"1394","MOWO",1995,8,7
"1395","MOWO",1996,6,7.25
"1396","MOWO",1996,7,7.5
"1397","MOWO",1996,8,7.25
"1398","MOWO",1997,5,2.25
"1399","MOWO",1997,6,6.75
"1400","MOWO",1997,7,6.75
"1401","MOWO",1998,6,7.5
"1402","MOWO",1998,7,5
"1403","MOWO",1998,8,5
"1404","MOWO",1999,6,7.25
"1405","MOWO",1999,7,6.75
"1406","MOWO",1999,8,2.25
"1407","MOWO",2000,6,7.5
"1408","MOWO",2000,7,10
"1409","MOWO",2001,6,7.5
"1410","MOWO",2001,7,7.5
"1411","MOWO",2001,8,2.5
"1412","MOWO",2002,6,6.75
"1413","MOWO",2002,7,9
"1414","MOWO",2003,6,6.75
"1415","MOWO",2003,7,6.75
"1416","MOWO",2003,8,2.25
"1417","MOWO",2004,6,6.75
"1418","MOWO",2004,7,6.75
"1419","MOWO",2004,8,2.25
"1420","MOWO",2005,6,4.5
"1421","MOWO",2005,7,9
"1422","MOWO",2005,8,2.25
"1423","MOWO",2006,5,2.25
"1424","MOWO",2006,6,4.5
"1425","MOWO",2006,7,6.75
"1426","MOWO",2006,8,2.25
"1427","MOWO",2007,6,6.75
"1428","MOWO",2007,7,9
"1429","MUIS",2007,5,2.71
"1430","MUIS",2007,6,6.14
"1431","MUIS",2007,7,5.03
"1432","MUIS",2008,5,4.52
"1433","MUIS",2008,6,6.94
"1434","MUIS",2008,7,7.15
"1435","MUIS",2008,8,2.5
"1436","MUIS",2009,5,6.74
"1437","MUIS",2009,6,6.86
"1438","MUIS",2009,7,6.94
"1439","MUIS",2009,8,2.33
"1440","MUIS",2010,5,5
"1441","MUIS",2010,6,6.6
"1442","MUIS",2010,7,9.78
"1443","MUIS",2011,5,4.17
"1444","MUIS",2011,6,7.43
"1445","MUIS",2011,7,7.07
"1446","MUIS",2011,8,2.08
"1447","MUIS",2012,5,5
"1448","MUIS",2012,6,5.07
"1449","MUIS",2012,7,6.46
"1450","MUIS",2012,8,2.5
"1451","NUBA",2004,6,6.58
"1452","NUBA",2004,7,3.94
"1453","NUBA",2004,8,1.88
"1454","NUBA",2005,6,6.69
"1455","NUBA",2005,7,6.75
"1456","NUBA",2005,8,2.25
"1457","NUBA",2006,6,9.06
"1458","NUBA",2006,7,9.75
"1459","NUBA",2006,8,3.25
"1460","NUBA",2007,6,9.17
"1461","NUBA",2007,7,9.14
"1462","NUBA",2007,8,2.92
"1463","NUBA",2008,6,8.25
"1464","NUBA",2008,7,9.5
"1465","NUBA",2008,8,2.5
"1466","NUBA",2009,6,9.75
"1467","NUBA",2009,7,11.25
"1468","NUBA",2009,8,3.75
"1469","NUBA",2010,6,10.23
"1470","NUBA",2010,7,10.25
"1471","NUBA",2010,8,3.75
"1472","NUBA",2011,6,10.69
"1473","NUBA",2011,7,13.25
"1474","NUBA",2011,8,3
"1475","NUBA",2012,6,9.44
"1476","NUBA",2012,7,13.5
"1477","NUBA",2012,8,4.5
"1478","POCO",2000,5,10.47
"1479","POCO",2000,6,9.17
"1480","POCO",2000,7,14.08
"1481","POCO",2000,8,6.67
"1482","POCO",2001,6,14.38
"1483","POCO",2001,7,16.53
"1484","POCO",2001,8,6.67
"1485","POCO",2002,6,14.08
"1486","POCO",2002,7,18.14
"1487","POCO",2002,8,6.03
"1488","POCO",2003,6,17.71
"1489","POCO",2003,7,18.82
"1490","POCO",2003,8,9.17
"1491","POCO",2004,6,14.1
"1492","POCO",2004,7,20
"1493","POCO",2004,8,8.19
"1494","POCO",2005,6,12.5
"1495","POCO",2005,7,12.43
"1496","POCO",2005,8,5
"1497","POCO",2006,6,14.44
"1498","POCO",2006,7,13.47
"1499","POCO",2006,8,5.97
"1500","POCO",2007,6,15.14
"1501","POCO",2007,7,16.11
"1502","POCO",2007,8,6.11
"1503","POCO",2008,6,17.64
"1504","POCO",2008,7,14.79
"1505","POCO",2008,8,7.5
"1506","POCO",2009,6,8.62
"1507","POCO",2009,7,7.29
"1508","POCO",2009,8,2.15
"1509","POWD",1992,6,4.97
"1510","POWD",1992,7,5.5
"1511","POWD",1992,8,10.01
"1512","POWD",1993,6,5.04
"1513","POWD",1993,7,5.58
"1514","POWD",1993,8,13.98
"1515","POWD",1994,6,3.67
"1516","POWD",1994,7,10.54
"1517","POWD",1994,8,18.06
"1518","POWD",1995,6,5.42
"1519","POWD",1995,7,8.86
"1520","POWD",1995,8,18.17
"1521","POWD",1996,6,5.5
"1522","POWD",1996,7,7.03
"1523","POWD",1996,8,20.93
"1524","POWD",1997,5,1.6
"1525","POWD",1997,6,3.67
"1526","POWD",1997,7,8.86
"1527","POWD",1997,8,3.21
"1528","POWD",1998,5,1.67
"1529","POWD",1998,6,3.33
"1530","POWD",1998,7,7.92
"1531","POWD",1998,8,2.92
"1532","POWD",1999,6,5
"1533","POWD",1999,7,6.67
"1534","POWD",1999,8,16.3
"1535","POWD",2000,6,5
"1536","POWD",2000,7,6.39
"1537","POWD",2000,8,9.38
"1538","POWD",2001,6,5
"1539","POWD",2001,7,6.53
"1540","POWD",2001,8,5
"1541","POWD",2002,6,5
"1542","POWD",2002,7,6.53
"1543","POWD",2002,8,5
"1544","POWD",2003,6,5
"1545","POWD",2003,7,6.67
"1546","POWD",2003,8,5
"1547","POWD",2004,5,1.67
"1548","POWD",2004,6,3.33
"1549","POWD",2004,7,6.67
"1550","POWD",2004,8,5
"1551","POWD",2005,5,1.67
"1552","POWD",2005,6,3.33
"1553","POWD",2005,7,8.33
"1554","POWD",2005,8,3.33
"1555","POWD",2006,5,1.67
"1556","POWD",2006,6,3.33
"1557","POWD",2006,7,8.33
"1558","POWD",2006,8,3.33
"1559","POWD",2007,5,0.78
"1560","POWD",2007,6,5
"1561","POWD",2007,7,8.33
"1562","POWD",2007,8,3.33
"1563","POWD",2008,6,5
"1564","POWD",2008,7,6.67
"1565","POWD",2008,8,3.33
"1566","PULS",2008,5,3.2
"1567","PULS",2008,6,2.17
"1568","PULS",2008,7,4.5
"1569","PULS",2008,8,1.5
"1570","PULS",2009,5,4.83
"1571","PULS",2009,6,1.5
"1572","PULS",2009,7,3
"1573","PULS",2009,8,1.12
"1574","PULS",2010,5,4.24
"1575","PULS",2010,6,3.85
"1576","PULS",2010,7,2.71
"1577","PULS",2011,5,4.42
"1578","PULS",2011,6,3
"1579","PULS",2011,7,5.29
"1580","PULS",2012,5,4.15
"1581","PULS",2012,6,4.5
"1582","PULS",2012,7,2.97
"1583","PULS",2012,8,1.32
"1584","RILE",1993,6,14.79
"1585","RILE",1993,7,9.86
"1586","RILE",1993,8,11.46
"1587","RILE",1994,6,20.56
"1588","RILE",1994,7,21.2
"1589","RILE",1994,8,7.85
"1590","RILE",1995,6,31.32
"1591","RILE",1995,7,36.55
"1592","RILE",1995,8,17.52
"1593","RILE",1996,6,36.19
"1594","RILE",1996,7,36.9
"1595","RILE",1996,8,17.05
"1596","RILE",1997,5,2.5
"1597","RILE",1997,6,36.03
"1598","RILE",1997,7,33.39
"1599","RILE",1997,8,8.99
"1600","RILE",1998,6,34.99
"1601","RILE",1998,7,29.18
"1602","RILE",1998,8,9.37
"1603","RILE",1999,6,35.03
"1604","RILE",1999,7,34.33
"1605","RILE",1999,8,10.58
"1606","RILE",2000,5,2.22
"1607","RILE",2000,6,33.13
"1608","RILE",2000,7,31.61
"1609","RILE",2000,8,7.62
"1610","RILE",2001,5,2.57
"1611","RILE",2001,6,33.06
"1612","RILE",2001,7,33.56
"1613","RILE",2001,8,6.02
"1614","RILE",2002,5,2.5
"1615","RILE",2002,6,31.35
"1616","RILE",2002,7,32.68
"1617","RILE",2002,8,5.81
"1618","RILE",2003,5,1.67
"1619","RILE",2003,6,5.97
"1620","RILE",2003,7,2.64
"1621","RILE",2003,8,1.39
"1622","RILE",2004,5,1.67
"1623","RILE",2004,6,3.33
"1624","RILE",2004,7,5.28
"1625","RILE",2004,8,1.39
"1626","RILE",2005,6,4.72
"1627","RILE",2005,7,4.03
"1628","RILE",2005,8,2.92
"1629","RILE",2005,9,2.5
"1630","RILE",2005,10,1.39
"1631","RILE",2006,6,5
"1632","RILE",2006,7,3.96
"1633","RILE",2006,8,1.25
"1634","SPAL",2001,5,5.14
"1635","SPAL",2001,6,7.71
"1636","SPAL",2001,7,7.22
"1637","SPAL",2001,8,2.5
"1638","SPAL",2002,5,5.07
"1639","SPAL",2002,6,7.5
"1640","SPAL",2002,7,7.5
"1641","SPAL",2002,8,2.5
"1642","SPAL",2003,5,5.35
"1643","SPAL",2003,6,7.5
"1644","SPAL",2003,7,7.64
"1645","SPAL",2003,8,2.5
"1646","SPAL",2004,5,5.14
"1647","SPAL",2004,6,7.57
"1648","SPAL",2004,7,7.57
"1649","SPAL",2004,8,2.5
"1650","SPAL",2005,5,5
"1651","SPAL",2005,6,7.5
"1652","SPAL",2005,7,5
"1653","SPAL",2005,8,2.5
"1654","SPAL",2006,5,7.5
"1655","SPAL",2006,6,5
"1656","SPAL",2006,7,7.5
"1657","SPAL",2006,8,2.5
"1658","SPAL",2007,5,2.5
"1659","SPAL",2007,6,10
"1660","SPAL",2007,7,7.5
"1661","SPAL",2007,8,2.5
"1662","SPAL",2008,5,5
"1663","SPAL",2008,6,7.5
"1664","SPAL",2008,7,7.5
"1665","SPAL",2008,8,2.5
"1666","SSNC",2001,5,1.25
"1667","SSNC",2001,6,3.75
"1668","SSNC",2001,7,3.75
"1669","SSNC",2001,8,1.25
"1670","SSNC",2002,5,1
"1671","SSNC",2002,6,3
"1672","SSNC",2002,7,2.83
"1673","SSNC",2002,8,1
"1674","SSNC",2003,5,1
"1675","SSNC",2003,6,1.83
"1676","SSNC",2003,7,2.83
"1677","SSNC",2003,8,1
"1678","SSNC",2004,6,4
"1679","SSNC",2004,7,2.75
"1680","SSNC",2005,5,2
"1681","SSNC",2005,6,3
"1682","SSNC",2005,7,3
"1683","SSNC",2005,8,1
"1684","SSNC",2006,5,0.83
"1685","SSNC",2006,6,1.83
"1686","SSNC",2006,7,2.58
"1687","SSNC",2006,8,1.42
"1688","SSNC",2007,6,2.83
"1689","SSNC",2007,7,2.67
"1690","SSNC",2007,8,0.92
"1691","SWIF",1994,5,24.58
"1692","SWIF",1994,6,41.75
"1693","SWIF",1994,7,41.81
"1694","SWIF",1994,8,22.35
"1695","SWIF",1995,5,32.08
"1696","SWIF",1995,6,46.2
"1697","SWIF",1995,7,49.07
"1698","SWIF",1995,8,20.81
"1699","SWIF",1996,5,33.62
"1700","SWIF",1996,6,43.04
"1701","SWIF",1996,7,38.94
"1702","SWIF",1996,8,26.34
"1703","SWIF",1997,5,35.38
"1704","SWIF",1997,6,48.39
"1705","SWIF",1997,7,46.72
"1706","SWIF",1997,8,12.56
"1707","SWIF",1998,5,34.29
"1708","SWIF",1998,6,40.78
"1709","SWIF",1998,7,41.44
"1710","SWIF",1998,8,6.69
"1711","SWIF",1999,5,29.47
"1712","SWIF",1999,6,43.98
"1713","SWIF",1999,7,32.82
"1714","SWIF",1999,8,1.58
"1715","SWIF",2000,5,22
"1716","SWIF",2000,6,37.28
"1717","SWIF",2000,7,35.83
"1718","SWIF",2000,8,6.17
"1719","SWIF",2001,5,17.42
"1720","SWIF",2001,6,42.47
"1721","SWIF",2001,7,38.97
"1722","SWIF",2001,8,8.6
"1723","SWIF",2002,5,26.42
"1724","SWIF",2002,6,37.19
"1725","SWIF",2002,7,30
"1726","SWIF",2002,8,11.94
"1727","SWIF",2003,5,32.22
"1728","SWIF",2003,6,40.89
"1729","SWIF",2003,7,28.58
"1730","SWIF",2003,8,6.53
"1731","SWIF",2004,5,32.92
"1732","SWIF",2004,6,56.17
"1733","SWIF",2004,7,54.42
"1734","SWIF",2004,8,9.41
"1735","SWIF",2005,5,32.34
"1736","SWIF",2005,6,48.7
"1737","SWIF",2005,7,45.65
"1738","SWIF",2005,8,8.69
"1739","SWIF",2006,5,40.82
"1740","SWIF",2006,6,27.93
"1741","SWIF",2006,7,49.77
"1742","SWIF",2006,8,3.95
"1743","SWIF",2007,5,32.06
"1744","SWIF",2007,6,40.8
"1745","SWIF",2007,7,44.85
"1746","SWIF",2007,8,15.88
"1747","SWIF",2008,5,31.67
"1748","SWIF",2008,6,41.43
"1749","SWIF",2008,7,45.06
"1750","SWIF",2008,8,8.08
"1751","SWIF",2009,5,34.67
"1752","SWIF",2009,6,45.88
"1753","SWIF",2009,7,33.49
"1754","SWIF",2009,8,8.69
"1755","TCFS",2001,6,6
"1756","TCFS",2001,7,6.5
"1757","TCFS",2001,8,2
"1758","TCFS",2002,6,5.25
"1759","TCFS",2002,7,6.19
"1760","TCFS",2002,8,2.25
"1761","TCFS",2003,6,6.75
"1762","TCFS",2003,7,6.75
"1763","TCFS",2003,8,2
"1764","TCFS",2004,5,2.25
"1765","TCFS",2004,6,4.62
"1766","TCFS",2004,7,6.75
"1767","TCFS",2004,8,2.25
"1768","TCFS",2005,6,7.12
"1769","TCFS",2005,7,6.69
"1770","TCFS",2005,8,2.31
"1771","TCFS",2006,6,6.75
"1772","TCFS",2006,7,6.75
"1773","TCFS",2006,8,2.25
"1774","TCFS",2007,6,6.75
"1775","TCFS",2007,7,6.75
"1776","TCFS",2007,8,2.25
"1777","TCFS",2008,6,6.71
"1778","TCFS",2008,7,6.5
"1779","TCFS",2008,8,2.25
"1780","TESS",2010,5,2.5
"1781","TESS",2010,6,7.18
"1782","TESS",2010,7,7.11
"1783","TESS",2010,8,1.81
"1784","TESS",2011,5,2.5
"1785","TESS",2011,6,8.31
"1786","TESS",2011,7,6.33
"1787","TESS",2012,5,2.5
"1788","TESS",2012,6,6.83
"1789","TESS",2012,7,6.54
"1790","TESS",2012,8,2.5
"1791","TRAC",2001,5,1.62
"1792","TRAC",2001,6,6
"1793","TRAC",2001,7,6
"1794","TRAC",2001,8,2
"1795","TRAC",2002,5,2
"1796","TRAC",2002,6,6
"1797","TRAC",2002,7,8
"1798","TRAC",2003,6,6
"1799","TRAC",2003,7,8
"1800","TRAC",2003,8,2
"1801","TRAC",2005,5,2
"1802","TRAC",2005,6,6
"1803","TRAC",2005,7,6
"1804","TRAC",2005,8,2
"1805","TRAC",2006,5,2
"1806","TRAC",2006,6,4
"1807","TRAC",2006,7,6.06
"1808","TRAC",2006,8,2
"1809","TRAC",2007,5,1.25
"1810","TRAC",2007,6,4.75
"1811","TRAC",2007,7,3.5
"1812","WASS",1999,5,5
"1813","WASS",1999,6,7.5
"1814","WASS",1999,7,6.46
"1815","WASS",1999,8,2.5
"1816","WASS",2000,5,4.79
"1817","WASS",2000,6,6.25
"1818","WASS",2000,7,5.83
"1819","WASS",2000,8,2.08
"1820","WASS",2001,5,4.51
"1821","WASS",2001,6,7.08
"1822","WASS",2001,7,6.53
"1823","WASS",2001,8,2.5
"1824","WASS",2002,5,5
"1825","WASS",2002,6,3.33
"1826","WASS",2002,7,6.25
"1827","WASS",2002,8,1.67
"1828","WASS",2003,5,4.17
"1829","WASS",2003,6,6.25
"1830","WASS",2003,7,4.17
"1831","WASS",2003,8,2.08
"1832","WASS",2004,5,4.1
"1833","WASS",2004,6,6.25
"1834","WASS",2004,7,5.83
"1835","WASS",2004,8,2.08
"1836","WASS",2005,5,4.17
"1837","WASS",2005,6,4.17
"1838","WASS",2005,7,3.75
"1839","WASS",2005,8,1.67
"1840","WASS",2006,5,4.17
"1841","WASS",2006,6,6.25
"1842","WASS",2006,7,6.25
"1843","WASS",2006,8,2.08
"1844","WASS",2007,5,4.33
"1845","WASS",2007,6,4.17
"1846","WASS",2007,7,4.17
"1847","WASS",2008,5,6.25
"1848","WASS",2008,6,4.17
"1849","WASS",2008,7,6.25
"1850","WASS",2008,8,2.08
"1851","WAWO",1992,6,6
"1852","WAWO",1992,7,8.67
"1853","WAWO",1992,8,1.67
"1854","WAWO",1993,6,4
"1855","WAWO",1993,7,8
"1856","WAWO",1993,8,4
"1857","WAWO",1994,6,7.67
"1858","WAWO",1994,7,10
"1859","WAWO",1994,8,4
"1860","WAWO",1995,6,6
"1861","WAWO",1995,7,6
"1862","WAWO",1995,8,6
"1863","WAWO",1996,6,8
"1864","WAWO",1996,7,4
"1865","WAWO",1996,8,8
"1866","WAWO",1997,8,8
"1867","WAWO",1998,5,2
"1868","WAWO",1998,6,6
"1869","WAWO",1998,7,6
"1870","WAWO",1998,8,2
"1871","WAWO",1999,5,2
"1872","WAWO",1999,6,6
"1873","WAWO",1999,7,6
"1874","WAWO",1999,8,2
"1875","WAWO",2000,6,6
"1876","WAWO",2000,7,6
"1877","WAWO",2000,8,2
"1878","WAWO",2001,5,2
"1879","WAWO",2001,6,6
"1880","WAWO",2001,7,6
"1881","WAWO",2001,8,2
"1882","WAWO",2002,6,6
"1883","WAWO",2002,7,6
"1884","WAWO",2002,8,2
"1885","WAWO",2003,6,6
"1886","WAWO",2003,7,6
"1887","WAWO",2003,8,2
"1888","WAWO",2004,6,6
"1889","WAWO",2004,7,6
"1890","WAWO",2004,8,2
"1891","WAWO",2005,6,6
"1892","WAWO",2005,7,6
"1893","WAWO",2005,8,2
"1894","WAWO",2006,6,4
"1895","WAWO",2006,7,6
"1896","WAWO",2006,8,2
"1897","WING",2002,5,2.5
"1898","WING",2002,6,5
"1899","WING",2002,7,7.5
"1900","WING",2002,8,2.5
"1901","WING",2003,5,2.5
"1902","WING",2003,6,5
"1903","WING",2003,7,6.94
"1904","WING",2003,8,1.81
"1905","WING",2004,5,2.5
"1906","WING",2004,6,4.75
"1907","WING",2004,7,7.08
"1908","WING",2004,8,2.5
"1909","WING",2005,6,9.75
"1910","WING",2005,7,12.73
"1911","WING",2006,5,3.25
"1912","WING",2006,6,3.25
"1913","WING",2006,7,12.21
"1914","WING",2006,8,2.71
"1915","WING",2007,6,13
"1916","WING",2007,7,6.05
"1917","WING",2007,8,3.16
"1918","WING",2008,6,9.75
"1919","WING",2008,7,9.13
"1920","WING",2008,8,3.25
"1921","WING",2009,6,9.75
"1922","WING",2009,7,9.68
"1923","WING",2009,8,2.98
